{
"intents": [
{
"tag": "greeting",
"patterns": [
"hello", "hi", "hey", "greetings", "how are you", "what's up"
],
"responses": [
"Hello! I'm medical chatbot, your medical assistant. How can I help you today?",
"Hi there! Welcome, I'm medical chatbot, your personal healthcare companion. Is there anything I can assist you with?"
]
},
{
"tag": "goodbye",
"patterns": [
"bye", "goodbye", "see you", "take care", "farewell", "later"
],
"responses": [
"Goodbye! Take care and stay healthy!",
"Bye! Remember to look after yourself. If you have any concerns, feel free to come back anytime."
]
},
{
"tag": "thanks",
"patterns": [
"thanks", "thank you", "much appreciated", "grateful", "cheers"
],
"responses": [
"You're welcome, it's my pleasure to help.",
"No problem at all, I'm glad I could assist. Wishing you a speedy recovery!"
]
},
{
"tag": "headache",
"patterns": [
"I have a headache", "my head hurts", "headache relief", "what to do for a headache"
],
"responses": [
"Headaches can be caused by various factors. Try to rest, ensure you get enough sleep, and if needed, you can take pain relievers like ibuprofen. If you experience severe or persistent headaches, it's advisable to consult a doctor."
]
},
{
"tag": "stomachache",
"patterns": [
"I have a stomachache", "stomach pain", "my stomach feels upset", "abdominal pain"
],
"responses": [
"For temporary relief, you can try drinking warm water or taking antacids. If the pain is severe or persists, it's best to seek medical attention promptly to avoid any complications."
]
},
{
"tag": "insomnia",
"patterns": [
"I can't sleep lately", "having insomnia", "trouble falling asleep", "how to improve sleep"
],
"responses": [
"Insomnia is often caused by stress and anxiety. Try to avoid tea, coffee, and using your phone before bedtime. Relax and unwind. If needed, you can consult a doctor about taking sleep medication."
]
},
{
"tag": "hypertension",
"patterns": [
"what to do for high blood pressure", "how to lower blood pressure", "medication for hypertension", "I have high BP"
],
"responses": [
"Maintain a low-sodium, low-fat diet, exercise regularly, quit smoking, limit alcohol, and manage stress. Severe hypertension requires prescription medications and regular check-ups with your doctor."
]
},
{
"tag": "appointment",
"patterns": [
"how to book an appointment", "appointment booking process", "schedule an appointment", "I want to make an appointment"
],
"responses": [
"You can book appointments through the hospital website, WeChat official account, or mobile app. Alternatively, you can make an appointment in person at the hospital. Booking procedures may vary, so it's best to check in advance."
]
},
{
"tag": "prescription_refill",
"patterns": [
"I need a prescription refill", "refill my medication", "how to get a prescription refilled", "can you refill my prescription"
],
"responses": [
"To refill your prescription, please contact your doctor or pharmacist. They will review your request and process the refill if appropriate. Make sure to provide your prescription details and any relevant information they may need."
]
},
{
"tag": "find_doctor",
"patterns": [
"I need to find a doctor", "looking for a specialist", "doctor recommendations", "can you help me find a doctor"
],
"responses": [
"To find a suitable doctor, you can ask for referrals from your primary care physician, check with your insurance provider for in-network doctors, or use online healthcare directories. Feel free to provide more details about your specific needs, and I'll try my best to assist you in your search."
]
},
{
"tag": "medical_advice",
"patterns": [
"I need medical advice", "can you give me medical advice", "what should I do for my condition", "medical recommendations"
],
"responses": [
"As an AI assistant, I can provide general information, but I cannot offer personalized medical advice. For accurate diagnosis and treatment, it's always best to consult with a qualified healthcare professional who can assess your specific situation and medical history."
]
},
{
"tag": "covid19_info",
"patterns": [
"COVID-19 symptoms", "coronavirus information", "what to do if I have COVID", "COVID-19 prevention"
],
"responses": [
"Common symptoms of COVID-19 include fever, cough, fatigue, and loss of taste or smell. If you suspect you have COVID-19, self-isolate and contact your local health authorities for guidance on testing and treatment. To prevent the spread of the virus, practice social distancing, wear a mask, wash your hands frequently, and get vaccinated if eligible."
]
}
]
}

